Source;Target
1;75
1;215
1;277
2;6
2;11
2;15
2;19
2;23
2;26
2;31
2;35
2;39
2;53
2;54
2;62
2;65
2;68
2;73
2;77
2;79
2;82
2;85
2;87
2;90
2;94
2;96
2;99
2;119
2;122
2;127
2;131
2;139
2;142
2;148
2;149
2;156
2;160
2;162
2;163
2;187
2;190
2;197
2;200
2;201
2;212
2;214
2;215
2;216
2;222
2;223
2;229
2;232
2;239
2;241
2;246
2;252
2;256
2;257
2;268
2;277
2;281
2;283
2;292
2;293
2;301
2;312
2;315
3;215
3;287
4;18
4;35
4;62
4;82
4;85
4;111
4;148
4;149
4;156
4;162
4;190
4;283
4;292
5;35
5;62
5;68
5;77
5;99
5;119
5;127
5;148
5;156
5;162
5;201
5;208
5;213
5;216
5;230
5;235
5;252
5;257
5;268
5;271
5;277
6;87
6;156
7;23
7;53
7;82
7;88
7;91
7;127
7;148
7;156
7;160
7;186
7;263
7;310
7;314
8;62
8;201
9;51
9;141
9;148
9;203
9;215
9;222
9;229
10;3
10;6
10;11
10;13
10;16
10;18
10;19
10;22
10;23
10;27
10;31
10;32
10;33
10;34
10;35
10;36
10;39
10;40
10;41
10;44
10;45
10;53
10;54
10;56
10;58
10;62
10;65
10;66
10;67
10;68
10;72
10;73
10;77
10;79
10;81
10;82
10;85
10;86
10;87
10;90
10;91
10;94
10;99
10;108
10;111
10;119
10;120
10;122
10;126
10;128
10;131
10;141
10;142
10;145
10;146
10;147
10;148
10;149
10;150
10;156
10;158
10;160
10;162
10;163
10;165
10;173
10;177
10;179
10;188
10;190
10;196
10;197
10;201
10;203
10;204
10;205
10;206
10;207
10;208
10;210
10;211
10;212
10;213
10;214
10;215
10;216
10;217
10;218
10;219
10;220
10;221
10;222
10;223
10;224
10;226
10;227
10;229
10;230
10;232
10;233
10;234
10;235
10;236
10;237
10;239
10;240
10;241
10;245
10;252
10;253
10;255
10;256
10;257
10;259
10;262
10;264
10;267
10;268
10;270
10;271
10;274
10;277
10;279
10;280
10;281
10;283
10;292
10;293
10;302
10;304
10;307
10;308
10;311
10;312
10;314
10;315
10;317
11;41
11;85
11;259
12;47
12;56
12;62
12;82
13;5
13;35
13;62
13;75
13;82
13;85
13;90
13;126
13;148
13;150
13;174
13;197
13;215
13;230
13;240
13;257
14;98
14;120
14;146
14;201
14;215
14;222
15;13
15;16
15;18
15;19
15;33
15;39
15;51
15;53
15;56
15;58
15;62
15;65
15;66
15;73
15;77
15;78
15;79
15;81
15;82
15;84
15;85
15;90
15;91
15;100
15;108
15;111
15;116
15;118
15;119
15;120
15;122
15;142
15;147
15;156
15;158
15;160
15;162
15;163
15;170
15;173
15;179
15;181
15;186
15;188
15;191
15;193
15;196
15;201
15;203
15;204
15;205
15;206
15;210
15;211
15;212
15;213
15;214
15;215
15;216
15;221
15;223
15;224
15;227
15;229
15;230
15;232
15;233
15;235
15;237
15;239
15;240
15;250
15;255
15;262
15;263
15;264
15;268
15;277
15;279
15;281
15;291
15;299
15;302
15;304
15;308
15;311
15;312
15;315
15;317
16;35
16;213
17;3
17;15
17;35
17;51
17;62
17;82
17;85
17;111
17;142
17;156
17;158
17;162
17;187
17;189
17;190
17;215
17;256
17;268
17;277
17;281
17;283
17;308
17;315
18;215
19;86
20;11
20;15
20;35
20;40
20;43
20;62
20;68
20;82
20;85
20;99
20;108
20;119
20;122
20;142
20;148
20;153
20;155
20;162
20;175
20;190
20;200
20;201
20;233
20;242
20;243
20;252
20;257
20;262
20;263
20;283
20;292
20;293
20;299
20;302
20;312
21;136
21;201
22;199
23;35
23;53
23;82
23;108
23;148
23;156
23;215
24;215
25;141
25;156
25;215
25;222
26;23
26;31
26;40
26;45
26;62
26;72
26;85
26;119
26;120
26;126
26;157
26;162
26;187
26;188
26;195
26;201
26;215
26;239
26;252
26;271
26;277
27;126
27;215
28;206
28;223
29;35
29;87
29;201
29;203
30;35
30;62
30;85
30;153
30;157
30;179
30;201
30;264
30;272
30;317
31;16
31;53
31;87
31;186
31;201
32;140
33;35
33;90
33;126
33;213
33;215
33;218
33;220
33;236
33;238
34;87
35;15
35;35
35;43
35;66
35;73
35;94
35;99
35;148
35;201
35;205
35;208
35;213
35;215
35;216
35;226
35;230
35;237
35;238
35;245
35;246
35;259
35;262
35;277
36;17
36;35
36;56
36;134
37;51
38;13
38;21
38;23
38;25
38;35
38;48
38;55
38;62
38;88
38;99
38;109
38;111
38;119
38;142
38;148
38;157
38;170
38;173
38;188
38;215
38;278
38;281
38;311
39;215
40;35
40;41
40;78
40;79
40;82
40;85
40;87
40;108
40;149
40;156
40;163
40;186
40;196
40;201
40;206
40;215
40;216
40;220
40;221
40;222
40;223
40;230
40;235
40;241
40;242
40;256
40;281
40;292
41;239
42;51
42;157
43;6
43;11
43;15
43;21
43;47
43;62
43;63
43;69
43;73
43;75
43;99
43;111
43;119
43;126
43;148
43;158
43;172
43;174
43;179
43;189
43;201
43;205
43;214
43;215
43;216
43;221
43;222
43;223
43;225
43;226
43;230
43;233
43;235
43;245
43;274
43;277
43;279
43;312
43;315
44;237
45;3
45;15
45;19
45;23
45;31
45;33
45;35
45;39
45;40
45;56
45;62
45;66
45;72
45;73
45;77
45;79
45;85
45;87
45;99
45;106
45;111
45;118
45;119
45;120
45;148
45;156
45;158
45;160
45;162
45;179
45;181
45;188
45;196
45;197
45;201
45;203
45;205
45;206
45;208
45;210
45;212
45;213
45;215
45;216
45;218
45;219
45;221
45;222
45;223
45;224
45;225
45;227
45;229
45;230
45;232
45;233
45;235
45;237
45;239
45;242
45;245
45;256
45;263
45;264
45;268
45;277
45;279
45;281
45;283
45;292
45;293
45;308
45;312
45;315
46;70
46;75
47;90
47;215
48;35
48;72
48;87
48;141
48;156
48;187
48;201
48;220
48;226
48;229
48;264
48;292
49;56
49;270
50;99
50;148
50;205
50;233
50;253
51;222
52;15
52;21
52;35
52;45
52;62
52;73
52;85
52;87
52;99
52;111
52;126
52;148
52;205
52;206
52;215
52;216
52;230
52;233
52;235
52;238
52;252
52;257
52;277
52;293
52;315
53;6
53;35
53;99
53;119
53;126
53;200
53;201
53;204
53;206
53;214
53;215
53;216
53;218
53;229
53;235
53;237
53;238
53;245
53;252
53;277
53;302
53;305
54;56
54;172
55;1
55;172
56;35
56;53
56;68
56;82
56;119
56;126
56;156
56;186
56;187
56;197
56;201
56;222
56;248
56;263
56;292
56;302
56;308
57;35
57;62
57;91
57;197
57;205
57;206
57;220
57;223
57;230
57;235
57;237
57;277
57;279
57;305
58;15
58;19
58;21
58;35
58;38
58;45
58;56
58;58
58;62
58;66
58;72
58;77
58;79
58;82
58;85
58;90
58;99
58;111
58;115
58;119
58;120
58;126
58;127
58;142
58;147
58;148
58;161
58;162
58;203
58;204
58;205
58;206
58;208
58;212
58;213
58;214
58;215
58;216
58;221
58;222
58;223
58;227
58;229
58;230
58;233
58;234
58;235
58;240
58;253
58;264
58;268
58;279
58;281
58;293
58;302
58;307
58;308
58;315
59;201
59;215
59;223
60;2
60;18
60;38
60;56
60;62
60;83
60;88
60;148
60;174
60;179
60;198
60;215
60;244
60;287
60;313
61;221
62;3
62;6
62;15
62;21
62;35
62;40
62;45
62;46
62;53
62;58
62;62
62;66
62;73
62;85
62;91
62;99
62;106
62;108
62;111
62;119
62;120
62;141
62;148
62;156
62;158
62;162
62;173
62;179
62;188
62;205
62;206
62;212
62;215
62;216
62;222
62;223
62;227
62;233
62;235
62;237
62;238
62;239
62;245
62;268
62;279
62;305
62;312
62;315
63;53
63;201
64;62
64;85
64;201
64;220
64;221
64;235
65;15
65;21
65;23
65;34
65;35
65;62
65;68
65;73
65;82
65;85
65;86
65;99
65;108
65;111
65;119
65;122
65;142
65;148
65;156
65;160
65;162
65;196
65;197
65;201
65;215
65;216
65;238
65;239
65;245
65;257
65;263
65;268
65;283
65;284
65;292
65;293
65;312
65;314
65;315
66;3
66;6
66;11
66;15
66;17
66;18
66;19
66;23
66;33
66;35
66;39
66;41
66;44
66;53
66;58
66;62
66;73
66;78
66;79
66;85
66;87
66;90
66;91
66;99
66;108
66;119
66;120
66;122
66;125
66;131
66;133
66;141
66;142
66;147
66;148
66;149
66;156
66;160
66;163
66;165
66;173
66;186
66;196
66;197
66;200
66;201
66;211
66;213
66;214
66;215
66;216
66;217
66;218
66;219
66;220
66;221
66;222
66;223
66;224
66;225
66;227
66;229
66;231
66;232
66;233
66;235
66;240
66;241
66;243
66;249
66;252
66;256
66;257
66;262
66;264
66;268
66;276
66;281
66;283
66;292
66;293
66;305
66;307
66;308
66;311
66;315
67;75
67;198
67;286
68;21
68;62
68;119
68;160
68;181
68;186
68;191
68;215
68;227
68;238
68;252
68;283
68;292
69;16
69;35
69;39
69;53
69;62
69;78
69;79
69;82
69;126
69;156
69;186
69;201
69;203
69;213
69;226
69;238
69;281
69;314
70;25
70;45
70;66
70;85
70;108
70;147
70;201
70;242
70;293
71;2
71;3
71;6
71;8
71;11
71;15
71;18
71;35
71;39
71;41
71;44
71;45
71;53
71;54
71;56
71;58
71;62
71;66
71;72
71;79
71;82
71;85
71;90
71;91
71;99
71;108
71;111
71;119
71;120
71;122
71;125
71;133
71;135
71;142
71;147
71;148
71;149
71;153
71;156
71;160
71;163
71;174
71;179
71;197
71;205
71;206
71;211
71;212
71;214
71;215
71;216
71;218
71;221
71;222
71;223
71;225
71;227
71;233
71;235
71;239
71;240
71;242
71;243
71;252
71;256
71;272
71;274
71;279
71;281
71;283
71;284
71;292
71;299
71;301
71;311
71;315
71;317
72;11
72;62
72;150
72;161
72;201
72;215
73;96
73;244
73;286
74;18
74;35
74;62
74;148
74;197
74;201
74;240
74;283
75;72
75;206
75;252
75;280
76;45
76;201
76;215
76;293
77;62
77;89
78;19
78;62
78;74
78;82
78;201
78;205
78;215
78;222
78;223
78;229
78;235
78;237
78;293
79;3
79;6
79;11
79;12
79;13
79;15
79;16
79;18
79;19
79;22
79;23
79;27
79;28
79;31
79;35
79;38
79;39
79;40
79;43
79;45
79;56
79;58
79;62
79;64
79;65
79;66
79;68
79;72
79;73
79;77
79;79
79;81
79;82
79;85
79;87
79;88
79;90
79;91
79;94
79;98
79;106
79;108
79;111
79;112
79;118
79;119
79;120
79;122
79;125
79;126
79;128
79;131
79;141
79;142
79;145
79;147
79;148
79;149
79;158
79;160
79;162
79;165
79;173
79;175
79;177
79;179
79;181
79;188
79;190
79;193
79;196
79;197
79;200
79;201
79;203
79;205
79;206
79;208
79;210
79;211
79;212
79;213
79;214
79;215
79;216
79;218
79;219
79;220
79;221
79;222
79;223
79;224
79;225
79;226
79;227
79;228
79;229
79;230
79;231
79;232
79;233
79;234
79;235
79;236
79;237
79;238
79;239
79;240
79;242
79;243
79;245
79;250
79;252
79;253
79;255
79;257
79;259
79;260
79;262
79;263
79;264
79;268
79;271
79;277
79;279
79;280
79;281
79;283
79;284
79;291
79;292
79;293
79;296
79;302
79;304
79;308
79;311
79;312
79;314
79;315
79;317
80;211
80;215
80;262
81;21
81;177
81;201
81;222
82;160
82;215
82;219
82;223
82;235
82;238
83;215
83;302
84;35
84;82
84;126
84;148
85;53
85;82
85;87
85;222
86;51
86;142
86;188
86;192
86;215
86;278
87;3
87;5
87;6
87;11
87;13
87;15
87;16
87;23
87;27
87;32
87;33
87;35
87;39
87;40
87;45
87;51
87;53
87;56
87;58
87;62
87;66
87;68
87;72
87;73
87;74
87;77
87;78
87;79
87;81
87;82
87;85
87;87
87;88
87;91
87;94
87;96
87;98
87;99
87;100
87;105
87;108
87;116
87;118
87;119
87;120
87;122
87;126
87;131
87;133
87;139
87;141
87;142
87;148
87;149
87;150
87;152
87;153
87;155
87;156
87;158
87;160
87;162
87;163
87;165
87;170
87;173
87;179
87;186
87;188
87;193
87;195
87;196
87;197
87;201
87;203
87;204
87;205
87;206
87;210
87;211
87;212
87;213
87;214
87;215
87;216
87;218
87;219
87;220
87;221
87;222
87;223
87;224
87;225
87;227
87;228
87;229
87;230
87;233
87;234
87;235
87;238
87;243
87;245
87;250
87;252
87;253
87;255
87;256
87;260
87;262
87;263
87;264
87;267
87;268
87;271
87;272
87;274
87;277
87;279
87;280
87;281
87;283
87;292
87;293
87;299
87;301
87;302
87;304
87;307
87;308
87;311
87;312
87;315
87;317
88;50
89;35
90;304
90;314
91;215
92;21
92;35
92;73
92;79
92;148
92;203
92;206
92;215
92;216
92;221
92;222
92;223
92;229
92;279
92;299
93;6
93;15
93;19
93;21
93;35
93;45
93;56
93;62
93;79
93;82
93;85
93;87
93;99
93;120
93;126
93;131
93;142
93;148
93;156
93;162
93;188
93;190
93;201
93;212
93;215
93;222
93;223
93;229
93;236
93;238
93;239
93;268
93;271
93;277
93;281
93;283
93;293
93;304
93;305
94;15
94;21
94;35
94;40
94;43
94;53
94;58
94;62
94;66
94;73
94;78
94;79
94;82
94;87
94;99
94;111
94;119
94;128
94;148
94;156
94;188
94;205
94;206
94;208
94;210
94;214
94;215
94;216
94;218
94;221
94;223
94;229
94;233
94;235
94;237
94;252
94;257
94;263
94;264
94;279
94;283
94;293
94;302
94;315
95;35
95;53
95;82
95;85
95;87
95;90
95;119
95;156
95;197
95;201
95;240
95;314
96;73
96;82
96;146
96;156
96;242
96;283
97;295
98;35
98;36
98;43
98;62
98;73
98;85
98;106
98;201
98;213
98;216
98;230
98;234
98;235
98;237
98;305
98;314
99;6
99;35
99;82
99;156
99;167
99;187
99;263
99;281
100;15
100;99
100;120
100;201
100;214
100;215
100;222
101;88
101;156
102;2
102;5
102;7
102;18
102;60
102;62
102;75
102;88
102;90
102;95
102;109
102;142
102;153
102;175
102;190
102;198
102;235
102;240
102;244
102;286
102;287
103;35
103;82
103;85
103;87
103;148
103;156
103;201
103;215
103;218
103;238
103;268
103;315
104;47
105;35
105;215
105;277
106;28
106;201
107;215
107;257
107;269
108;19
108;42
108;98
108;222
108;223
108;279
109;62
110;23
110;35
110;62
110;87
110;119
110;188
110;200
110;201
110;317
111;18
111;20
111;38
111;41
111;54
111;82
111;97
111;108
111;140
111;186
111;200
111;260
112;215
113;35
113;197
113;215
113;302
114;19
114;22
114;148
114;215
114;222
115;3
115;5
115;35
115;62
115;68
115;73
115;82
115;85
115;86
115;87
115;90
115;99
115;108
115;138
115;141
115;156
115;160
115;187
115;197
115;201
115;203
115;210
115;212
115;213
115;214
115;215
115;216
115;219
115;220
115;221
115;222
115;223
115;230
115;231
115;232
115;233
115;234
115;235
115;239
115;240
115;249
115;252
115;256
115;264
115;275
115;276
115;281
115;292
115;293
115;305
116;3
116;6
116;12
116;13
116;15
116;16
116;18
116;22
116;27
116;31
116;35
116;39
116;43
116;45
116;54
116;56
116;58
116;62
116;64
116;66
116;68
116;73
116;77
116;78
116;81
116;82
116;85
116;87
116;88
116;90
116;91
116;94
116;98
116;99
116;100
116;106
116;108
116;111
116;118
116;119
116;120
116;122
116;127
116;131
116;133
116;141
116;144
116;146
116;155
116;156
116;158
116;160
116;165
116;173
116;179
116;181
116;188
116;193
116;196
116;197
116;200
116;201
116;203
116;205
116;206
116;208
116;210
116;211
116;212
116;213
116;214
116;215
116;216
116;218
116;220
116;221
116;222
116;223
116;224
116;225
116;226
116;227
116;228
116;229
116;230
116;231
116;232
116;233
116;234
116;235
116;236
116;237
116;238
116;239
116;240
116;241
116;243
116;250
116;253
116;259
116;262
116;263
116;264
116;268
116;271
116;272
116;277
116;279
116;281
116;283
116;292
116;293
116;296
116;302
116;304
116;308
116;312
116;315
116;317
117;3
117;35
117;87
117;162
117;201
117;230
118;18
118;88
118;109
118;179
118;215
118;247
119;201
119;214
120;201
121;35
121;40
121;62
121;85
121;111
121;142
121;162
121;189
121;201
121;257
121;272
121;274
121;277
121;283
121;317
122;201
123;3
123;6
123;11
123;15
123;23
123;31
123;33
123;35
123;38
123;39
123;40
123;43
123;53
123;54
123;58
123;62
123;68
123;78
123;79
123;82
123;85
123;87
123;91
123;99
123;108
123;111
123;118
123;119
123;120
123;122
123;125
123;126
123;127
123;131
123;133
123;135
123;142
123;144
123;147
123;148
123;149
123;160
123;162
123;163
123;165
123;186
123;190
123;196
123;197
123;200
123;201
123;211
123;212
123;215
123;216
123;218
123;220
123;221
123;222
123;223
123;227
123;230
123;233
123;235
123;236
123;237
123;241
123;243
123;245
123;256
123;264
123;267
123;271
123;276
123;281
123;283
123;292
123;293
124;35
124;40
124;51
124;55
124;62
124;215
125;6
125;15
125;21
125;23
125;35
125;39
125;43
125;45
125;53
125;56
125;58
125;68
125;77
125;79
125;82
125;85
125;99
125;108
125;111
125;119
125;120
125;127
125;140
125;148
125;152
125;156
125;162
125;177
125;195
125;196
125;201
125;203
125;205
125;206
125;207
125;210
125;211
125;212
125;213
125;215
125;216
125;218
125;221
125;222
125;223
125;224
125;227
125;229
125;230
125;232
125;233
125;235
125;237
125;238
125;243
125;250
125;253
125;254
125;259
125;263
125;268
125;277
125;279
125;283
125;293
125;302
125;304
125;307
125;308
125;315
126;35
126;201
127;35
127;62
127;85
127;88
127;197
127;283
128;6
128;23
128;35
128;39
128;45
128;54
128;58
128;62
128;81
128;82
128;85
128;90
128;91
128;119
128;122
128;142
128;149
128;201
128;224
128;240
128;241
128;243
128;252
128;268
128;271
128;278
128;281
128;283
129;3
129;11
129;15
129;52
129;53
129;62
129;78
129;82
129;85
129;86
129;87
129;147
129;156
129;196
129;201
129;215
129;221
129;222
129;223
129;239
129;243
129;252
129;256
129;257
129;264
129;281
130;15
130;62
130;99
130;111
130;119
130;131
130;148
130;213
130;215
130;230
130;231
130;235
130;252
130;259
130;268
130;271
130;284
130;314
130;315
131;215
131;257
131;268
132;82
132;87
132;115
132;141
132;145
132;148
132;156
132;221
132;229
132;254
132;263
132;304
133;51
133;235
133;315
134;56
134;69
134;70
135;18
135;38
135;56
135;75
135;179
135;201
136;215
136;229
137;56
138;15
138;21
138;36
138;38
138;40
138;56
138;75
138;77
138;111
138;148
138;150
138;174
138;184
138;215
138;270
138;315
139;1
139;12
139;21
139;22
139;23
139;39
139;54
139;61
139;62
139;65
139;79
139;85
139;90
139;91
139;96
139;99
139;106
139;115
139;120
139;129
139;131
139;142
139;160
139;190
139;194
139;197
139;200
139;219
139;230
139;240
139;243
139;252
139;254
139;268
139;272
139;292
139;296
139;299
139;302
139;307
139;308
139;310
139;311
140;1
140;11
140;16
140;18
140;23
140;26
140;27
140;31
140;35
140;39
140;53
140;62
140;68
140;78
140;79
140;82
140;85
140;91
140;94
140;96
140;97
140;99
140;106
140;108
140;111
140;115
140;116
140;118
140;119
140;120
140;122
140;126
140;127
140;131
140;133
140;141
140;142
140;146
140;148
140;150
140;152
140;156
140;160
140;163
140;165
140;173
140;175
140;181
140;186
140;187
140;191
140;196
140;197
140;200
140;201
140;210
140;214
140;215
140;220
140;221
140;222
140;223
140;229
140;230
140;232
140;233
140;237
140;238
140;241
140;243
140;252
140;255
140;256
140;263
140;268
140;271
140;279
140;281
140;283
140;292
140;296
140;302
140;304
140;305
140;308
140;311
140;314
141;53
141;82
141;201
141;203
142;35
142;62
142;229
143;15
143;35
143;51
143;72
143;73
143;77
143;82
143;85
143;99
143;109
143;111
143;119
143;120
143;142
143;148
143;156
143;170
143;190
143;197
143;201
143;203
143;205
143;206
143;214
143;215
143;216
143;222
143;223
143;224
143;227
143;230
143;233
143;235
143;278
143;279
143;281
143;292
143;311
143;315
144;23
144;35
144;56
144;82
144;153
144;201
144;268
144;283
144;317
145;188
146;93
147;109
148;1
148;12
148;22
148;33
148;34
148;39
148;61
148;62
148;65
148;68
148;78
148;82
148;90
148;91
148;94
148;99
148;100
148;115
148;118
148;120
148;127
148;129
148;141
148;142
148;144
148;148
148;150
148;156
148;160
148;179
148;181
148;186
148;187
148;190
148;200
148;208
148;215
148;222
148;223
148;240
148;241
148;243
148;260
148;263
148;270
148;272
148;281
148;292
148;293
148;296
148;299
148;308
148;311
148;318
149;35
150;3
150;15
150;33
150;35
150;39
150;52
150;53
150;58
150;77
150;79
150;82
150;85
150;100
150;108
150;111
150;119
150;147
150;148
150;152
150;156
150;163
150;197
150;201
150;205
150;206
150;215
150;216
150;221
150;222
150;223
150;224
150;229
150;233
150;243
150;256
150;263
150;276
150;281
150;302
150;307
150;308
150;315
151;18
151;22
151;35
151;90
151;147
151;228
151;240
151;256
152;75
152;83
152;89
152;287
153;201
154;6
154;11
154;12
154;15
154;18
154;28
154;35
154;39
154;41
154;45
154;53
154;56
154;58
154;62
154;68
154;78
154;79
154;82
154;85
154;86
154;90
154;94
154;99
154;101
154;111
154;118
154;119
154;126
154;128
154;133
154;136
154;141
154;142
154;147
154;149
154;155
154;156
154;158
154;160
154;163
154;186
154;188
154;200
154;206
154;210
154;211
154;213
154;214
154;215
154;216
154;218
154;221
154;222
154;223
154;225
154;227
154;229
154;230
154;231
154;232
154;233
154;235
154;236
154;237
154;239
154;240
154;243
154;252
154;253
154;256
154;257
154;264
154;272
154;276
154;277
154;279
154;281
154;292
154;293
154;311
154;317
155;50
155;62
155;205
155;206
155;222
156;6
156;15
156;22
156;39
156;43
156;45
156;52
156;53
156;58
156;62
156;66
156;68
156;72
156;73
156;74
156;77
156;79
156;85
156;90
156;99
156;111
156;118
156;120
156;126
156;138
156;147
156;148
156;158
156;160
156;177
156;186
156;188
156;204
156;205
156;206
156;207
156;208
156;210
156;213
156;214
156;215
156;216
156;218
156;219
156;220
156;221
156;222
156;223
156;224
156;225
156;227
156;228
156;229
156;230
156;232
156;233
156;234
156;235
156;236
156;240
156;245
156;252
156;253
156;255
156;256
156;257
156;260
156;271
156;276
156;277
156;279
156;280
156;290
156;299
156;301
156;306
157;3
157;6
157;12
157;15
157;16
157;19
157;21
157;22
157;26
157;27
157;28
157;34
157;35
157;37
157;38
157;39
157;42
157;43
157;44
157;45
157;52
157;53
157;57
157;58
157;62
157;64
157;66
157;67
157;68
157;72
157;73
157;74
157;77
157;82
157;85
157;86
157;90
157;91
157;94
157;98
157;99
157;102
157;104
157;105
157;106
157;108
157;111
157;112
157;118
157;119
157;120
157;125
157;126
157;128
157;141
157;147
157;148
157;151
157;152
157;155
157;158
157;159
157;160
157;166
157;170
157;177
157;181
157;185
157;186
157;188
157;194
157;196
157;197
157;200
157;201
157;202
157;203
157;205
157;206
157;207
157;208
157;209
157;210
157;212
157;214
157;215
157;216
157;218
157;219
157;220
157;221
157;222
157;223
157;224
157;225
157;227
157;228
157;229
157;230
157;232
157;233
157;234
157;235
157;236
157;237
157;238
157;239
157;240
157;241
157;242
157;243
157;245
157;252
157;253
157;254
157;255
157;256
157;257
157;259
157;260
157;264
157;268
157;276
157;277
157;281
157;282
157;283
157;290
157;291
157;292
157;293
157;299
157;301
157;302
157;304
157;305
157;306
157;312
157;316
158;3
158;6
158;13
158;15
158;16
158;19
158;21
158;22
158;28
158;33
158;37
158;39
158;43
158;45
158;46
158;50
158;52
158;53
158;56
158;58
158;62
158;64
158;66
158;68
158;72
158;73
158;74
158;77
158;79
158;85
158;86
158;87
158;90
158;91
158;93
158;94
158;98
158;99
158;102
158;105
158;108
158;111
158;118
158;120
158;126
158;128
158;147
158;148
158;149
158;151
158;152
158;155
158;158
158;185
158;188
158;191
158;201
158;202
158;203
158;204
158;206
158;207
158;209
158;210
158;211
158;212
158;213
158;214
158;215
158;216
158;218
158;219
158;220
158;221
158;222
158;223
158;224
158;225
158;226
158;227
158;228
158;229
158;230
158;231
158;232
158;233
158;234
158;235
158;237
158;238
158;242
158;252
158;253
158;254
158;256
158;257
158;259
158;260
158;264
158;268
158;276
158;277
158;279
158;280
158;281
158;283
158;290
158;291
158;293
158;301
158;302
158;304
158;306
159;6
159;12
159;15
159;22
159;26
159;35
159;37
159;38
159;39
159;43
159;45
159;52
159;53
159;57
159;58
159;62
159;66
159;67
159;68
159;72
159;73
159;74
159;77
159;78
159;79
159;85
159;87
159;90
159;91
159;94
159;98
159;99
159;101
159;102
159;104
159;106
159;108
159;120
159;125
159;126
159;147
159;148
159;149
159;151
159;155
159;158
159;160
159;177
159;185
159;188
159;197
159;201
159;202
159;204
159;205
159;207
159;208
159;210
159;213
159;214
159;215
159;216
159;218
159;219
159;220
159;222
159;223
159;224
159;225
159;226
159;228
159;229
159;230
159;232
159;233
159;234
159;235
159;236
159;237
159;238
159;240
159;241
159;245
159;252
159;253
159;256
159;259
159;277
159;279
159;283
159;290
159;291
159;302
159;316
160;1
160;1
160;2
160;2
160;3
160;3
160;4
160;4
160;5
160;5
160;6
160;6
160;7
160;7
160;8
160;8
160;9
160;10
160;11
160;11
160;12
160;12
160;13
160;13
160;14
160;14
160;15
160;15
160;16
160;16
160;17
160;17
160;18
160;18
160;19
160;19
160;20
160;20
160;21
160;21
160;22
160;22
160;23
160;23
160;24
160;24
160;25
160;25
160;26
160;26
160;27
160;27
160;28
160;28
160;29
160;29
160;30
160;30
160;31
160;31
160;32
160;32
160;33
160;33
160;34
160;34
160;35
160;35
160;36
160;36
160;37
160;37
160;38
160;38
160;39
160;39
160;40
160;40
160;41
160;41
160;42
160;42
160;43
160;43
160;44
160;44
160;45
160;45
160;46
160;46
160;47
160;47
160;48
160;48
160;49
160;49
160;50
160;50
160;51
160;51
160;52
160;52
160;53
160;53
160;54
160;55
160;55
160;56
160;56
160;57
160;57
160;58
160;58
160;59
160;59
160;60
160;60
160;61
160;61
160;62
160;62
160;63
160;63
160;64
160;64
160;65
160;65
160;66
160;66
160;67
160;67
160;68
160;68
160;69
160;69
160;70
160;70
160;71
160;72
160;72
160;73
160;73
160;74
160;74
160;75
160;75
160;76
160;76
160;77
160;77
160;78
160;78
160;79
160;79
160;80
160;80
160;81
160;81
160;82
160;82
160;83
160;83
160;84
160;84
160;85
160;85
160;86
160;86
160;87
160;87
160;88
160;88
160;89
160;89
160;90
160;90
160;91
160;91
160;92
160;92
160;93
160;93
160;94
160;94
160;95
160;95
160;96
160;96
160;97
160;97
160;98
160;98
160;99
160;99
160;100
160;100
160;101
160;101
160;102
160;102
160;103
160;103
160;104
160;104
160;105
160;105
160;106
160;106
160;107
160;107
160;108
160;108
160;109
160;109
160;110
160;110
160;111
160;111
160;112
160;112
160;113
160;113
160;114
160;114
160;115
160;115
160;116
160;116
160;117
160;117
160;118
160;118
160;119
160;119
160;120
160;120
160;121
160;121
160;122
160;122
160;123
160;124
160;124
160;125
160;125
160;126
160;126
160;127
160;127
160;128
160;128
160;129
160;129
160;130
160;130
160;131
160;131
160;132
160;132
160;133
160;133
160;134
160;134
160;135
160;135
160;136
160;136
160;137
160;137
160;138
160;138
160;139
160;139
160;140
160;140
160;141
160;141
160;142
160;142
160;143
160;144
160;144
160;145
160;145
160;146
160;146
160;147
160;147
160;148
160;148
160;149
160;149
160;150
160;150
160;151
160;151
160;152
160;152
160;153
160;153
160;154
160;155
160;155
160;156
160;156
160;157
160;157
160;158
160;158
160;159
160;159
160;160
160;160
160;161
160;161
160;162
160;162
160;163
160;163
160;164
160;164
160;165
160;165
160;166
160;166
160;167
160;167
160;168
160;168
160;169
160;170
160;170
160;171
160;171
160;172
160;172
160;173
160;173
160;174
160;174
160;175
160;175
160;176
160;176
160;177
160;177
160;178
160;178
160;179
160;179
160;180
160;180
160;181
160;181
160;182
160;182
160;183
160;184
160;184
160;185
160;185
160;186
160;186
160;187
160;187
160;188
160;188
160;189
160;189
160;190
160;190
160;191
160;191
160;192
160;192
160;193
160;193
160;194
160;194
160;195
160;195
160;196
160;196
160;197
160;197
160;198
160;198
160;199
160;199
160;200
160;200
160;201
160;201
160;202
160;202
160;203
160;203
160;204
160;204
160;205
160;205
160;206
160;206
160;207
160;207
160;208
160;208
160;209
160;209
160;210
160;210
160;211
160;211
160;212
160;212
160;213
160;213
160;214
160;214
160;215
160;215
160;216
160;216
160;217
160;217
160;218
160;218
160;219
160;219
160;220
160;220
160;221
160;221
160;222
160;222
160;223
160;223
160;224
160;224
160;225
160;225
160;226
160;226
160;227
160;227
160;228
160;228
160;229
160;229
160;230
160;230
160;231
160;231
160;232
160;232
160;233
160;233
160;234
160;234
160;235
160;235
160;236
160;236
160;237
160;237
160;238
160;238
160;239
160;239
160;240
160;240
160;241
160;241
160;242
160;242
160;243
160;243
160;244
160;244
160;245
160;245
160;246
160;246
160;247
160;247
160;248
160;248
160;249
160;249
160;250
160;250
160;251
160;252
160;252
160;253
160;253
160;254
160;254
160;255
160;255
160;256
160;256
160;257
160;257
160;258
160;258
160;259
160;259
160;260
160;260
160;261
160;261
160;262
160;262
160;263
160;263
160;264
160;264
160;265
160;265
160;266
160;266
160;267
160;267
160;268
160;268
160;269
160;269
160;270
160;270
160;271
160;271
160;272
160;272
160;273
160;274
160;274
160;275
160;275
160;276
160;276
160;277
160;277
160;278
160;278
160;279
160;279
160;280
160;280
160;281
160;281
160;282
160;282
160;283
160;283
160;284
160;284
160;285
160;285
160;286
160;286
160;287
160;287
160;288
160;288
160;289
160;289
160;290
160;290
160;291
160;291
160;292
160;292
160;293
160;293
160;294
160;294
160;295
160;295
160;296
160;296
160;297
160;297
160;298
160;298
160;299
160;299
160;300
160;301
160;301
160;302
160;302
160;303
160;304
160;304
160;305
160;305
160;306
160;306
160;307
160;307
160;308
160;308
160;309
160;309
160;310
160;310
160;311
160;311
160;312
160;312
160;313
160;313
160;314
160;314
160;315
160;315
160;316
160;316
160;317
160;317
160;318
160;318
161;3
161;6
161;12
161;15
161;16
161;19
161;20
161;22
161;26
161;28
161;33
161;37
161;38
161;39
161;42
161;43
161;44
161;45
161;52
161;53
161;57
161;58
161;64
161;65
161;66
161;67
161;68
161;72
161;73
161;74
161;77
161;79
161;82
161;84
161;85
161;87
161;90
161;91
161;94
161;98
161;99
161;100
161;101
161;102
161;104
161;105
161;106
161;108
161;111
161;112
161;114
161;118
161;119
161;120
161;125
161;126
161;128
161;131
161;133
161;138
161;141
161;146
161;147
161;148
161;149
161;151
161;152
161;155
161;156
161;158
161;159
161;160
161;162
161;164
161;166
161;168
161;170
161;177
161;181
161;182
161;185
161;186
161;188
161;194
161;195
161;196
161;197
161;200
161;201
161;202
161;203
161;204
161;205
161;206
161;208
161;209
161;210
161;211
161;212
161;213
161;214
161;215
161;216
161;218
161;219
161;220
161;221
161;222
161;223
161;224
161;225
161;226
161;227
161;228
161;229
161;230
161;231
161;232
161;233
161;234
161;235
161;236
161;237
161;238
161;240
161;242
161;243
161;245
161;249
161;250
161;252
161;253
161;254
161;255
161;256
161;257
161;259
161;260
161;262
161;263
161;264
161;267
161;268
161;272
161;276
161;277
161;279
161;280
161;281
161;283
161;290
161;291
161;293
161;296
161;299
161;301
161;302
161;304
161;306
161;307
161;308
161;311
161;312
161;316
161;317
162;6
162;15
162;19
162;22
162;35
162;37
162;43
162;45
162;57
162;62
162;64
162;68
162;73
162;79
162;85
162;90
162;94
162;98
162;99
162;102
162;108
162;120
162;125
162;126
162;147
162;148
162;151
162;173
162;197
162;204
162;205
162;206
162;210
162;211
162;213
162;214
162;215
162;216
162;218
162;219
162;222
162;223
162;228
162;229
162;230
162;232
162;233
162;234
162;235
162;236
162;237
162;238
162;240
162;252
162;253
162;256
162;259
162;277
162;279
162;282
162;283
162;293
162;297
162;301
162;305
162;314
162;316
163;15
163;22
163;28
163;39
163;52
163;53
163;58
163;66
163;68
163;72
163;73
163;74
163;85
163;99
163;104
163;118
163;120
163;147
163;148
163;155
163;158
163;188
163;204
163;205
163;206
163;207
163;208
163;210
163;214
163;215
163;216
163;218
163;220
163;221
163;222
163;223
163;227
163;228
163;229
163;231
163;233
163;252
163;253
163;255
163;290
163;299
164;6
164;12
164;15
164;16
164;22
164;37
164;38
164;39
164;43
164;45
164;52
164;53
164;57
164;58
164;66
164;68
164;72
164;73
164;74
164;77
164;85
164;90
164;91
164;99
164;101
164;102
164;106
164;108
164;111
164;115
164;120
164;122
164;125
164;126
164;138
164;147
164;148
164;151
164;155
164;158
164;159
164;160
164;177
164;188
164;190
164;197
164;201
164;202
164;203
164;204
164;205
164;206
164;207
164;208
164;213
164;214
164;215
164;216
164;218
164;219
164;220
164;221
164;222
164;223
164;224
164;225
164;227
164;228
164;229
164;230
164;231
164;232
164;233
164;234
164;235
164;236
164;237
164;238
164;240
164;245
164;252
164;253
164;255
164;256
164;257
164;259
164;260
164;264
164;268
164;281
164;283
164;290
164;299
164;301
164;302
164;305
164;306
164;312
165;3
165;6
165;12
165;15
165;16
165;20
165;21
165;22
165;24
165;27
165;28
165;33
165;34
165;35
165;37
165;38
165;39
165;42
165;43
165;44
165;45
165;52
165;53
165;57
165;58
165;62
165;64
165;65
165;66
165;67
165;68
165;72
165;73
165;74
165;76
165;77
165;82
165;85
165;87
165;90
165;91
165;94
165;98
165;99
165;100
165;101
165;102
165;104
165;105
165;106
165;108
165;111
165;112
165;114
165;118
165;119
165;120
165;125
165;126
165;128
165;146
165;147
165;148
165;149
165;151
165;152
165;156
165;158
165;159
165;160
165;166
165;170
165;173
165;177
165;181
165;185
165;186
165;188
165;194
165;196
165;197
165;200
165;201
165;202
165;203
165;204
165;205
165;206
165;207
165;208
165;209
165;210
165;212
165;213
165;214
165;215
165;216
165;218
165;219
165;220
165;221
165;222
165;223
165;224
165;225
165;227
165;228
165;229
165;230
165;232
165;233
165;234
165;235
165;236
165;237
165;238
165;239
165;240
165;245
165;250
165;252
165;253
165;254
165;255
165;256
165;257
165;259
165;260
165;262
165;263
165;264
165;268
165;276
165;277
165;281
165;282
165;283
165;290
165;296
165;299
165;301
165;302
165;304
165;306
165;307
165;308
165;312
165;315
165;316
166;12
166;15
166;16
166;19
166;22
166;26
166;39
166;41
166;42
166;44
166;45
166;49
166;52
166;58
166;68
166;73
166;77
166;78
166;85
166;87
166;90
166;99
166;101
166;105
166;111
166;112
166;118
166;119
166;120
166;126
166;128
166;138
166;147
166;148
166;152
166;156
166;158
166;166
166;170
166;177
166;181
166;186
166;188
166;194
166;197
166;200
166;201
166;203
166;204
166;205
166;206
166;207
166;208
166;209
166;210
166;213
166;214
166;215
166;216
166;218
166;220
166;221
166;222
166;223
166;224
166;225
166;227
166;229
166;230
166;232
166;233
166;234
166;236
166;237
166;238
166;240
166;243
166;252
166;253
166;256
166;257
166;260
166;264
166;268
166;276
166;277
166;281
166;293
166;301
166;302
166;305
166;306
166;307
166;311
166;317
167;6
167;15
167;22
167;37
167;43
167;45
167;57
167;58
167;62
167;68
167;73
167;77
167;85
167;94
167;99
167;102
167;108
167;120
167;125
167;126
167;147
167;148
167;151
167;158
167;201
167;204
167;205
167;206
167;208
167;210
167;214
167;215
167;216
167;218
167;219
167;222
167;223
167;225
167;228
167;230
167;232
167;233
167;234
167;235
167;237
167;238
167;245
167;252
167;253
167;256
167;259
167;268
167;277
167;279
167;283
167;316
168;6
168;15
168;16
168;22
168;28
168;37
168;38
168;39
168;43
168;44
168;45
168;52
168;53
168;57
168;58
168;66
168;68
168;72
168;73
168;74
168;77
168;79
168;85
168;87
168;94
168;98
168;99
168;102
168;105
168;108
168;111
168;118
168;120
168;125
168;126
168;128
168;147
168;148
168;151
168;155
168;158
168;170
168;181
168;186
168;188
168;196
168;197
168;201
168;202
168;203
168;204
168;205
168;206
168;207
168;208
168;210
168;212
168;213
168;215
168;216
168;218
168;219
168;220
168;221
168;222
168;223
168;224
168;225
168;227
168;228
168;229
168;230
168;232
168;233
168;234
168;235
168;236
168;237
168;238
168;245
168;252
168;253
168;256
168;257
168;260
168;264
168;276
168;277
168;280
168;283
168;290
168;293
168;299
168;301
168;302
168;306
168;316
169;2
169;3
169;4
169;5
169;6
169;8
169;13
169;15
169;16
169;18
169;19
169;22
169;23
169;24
169;27
169;28
169;31
169;32
169;33
169;34
169;35
169;36
169;37
169;38
169;39
169;41
169;43
169;44
169;45
169;46
169;50
169;51
169;52
169;53
169;54
169;56
169;57
169;58
169;61
169;62
169;63
169;65
169;66
169;67
169;68
169;72
169;73
169;74
169;76
169;77
169;78
169;79
169;80
169;81
169;82
169;84
169;85
169;87
169;88
169;90
169;91
169;94
169;95
169;96
169;98
169;99
169;100
169;101
169;105
169;106
169;108
169;111
169;112
169;114
169;116
169;117
169;118
169;119
169;120
169;122
169;125
169;126
169;128
169;131
169;133
169;135
169;137
169;138
169;140
169;142
169;144
169;145
169;146
169;147
169;148
169;149
169;150
169;151
169;152
169;155
169;156
169;157
169;158
169;160
169;161
169;162
169;163
169;165
169;167
169;168
169;170
169;173
169;174
169;176
169;177
169;178
169;179
169;181
169;185
169;186
169;187
169;188
169;189
169;190
169;193
169;194
169;196
169;197
169;200
169;201
169;202
169;203
169;204
169;205
169;206
169;207
169;208
169;209
169;210
169;211
169;212
169;213
169;214
169;216
169;217
169;218
169;219
169;220
169;221
169;222
169;223
169;224
169;225
169;226
169;227
169;228
169;229
169;230
169;231
169;232
169;233
169;234
169;235
169;236
169;237
169;238
169;239
169;240
169;242
169;243
169;245
169;246
169;249
169;250
169;252
169;253
169;254
169;255
169;256
169;257
169;259
169;261
169;262
169;263
169;264
169;265
169;267
169;268
169;270
169;271
169;272
169;274
169;276
169;277
169;279
169;280
169;281
169;282
169;283
169;290
169;291
169;293
169;294
169;296
169;297
169;299
169;301
169;302
169;304
169;306
169;307
169;308
169;311
169;312
169;313
169;314
169;315
169;316
169;317
170;3
170;6
170;15
170;16
170;21
170;22
170;33
170;37
170;38
170;39
170;40
170;43
170;45
170;50
170;52
170;53
170;56
170;57
170;58
170;62
170;68
170;72
170;73
170;74
170;77
170;79
170;82
170;85
170;87
170;90
170;98
170;99
170;100
170;101
170;106
170;111
170;112
170;118
170;120
170;126
170;128
170;133
170;147
170;148
170;149
170;151
170;152
170;155
170;156
170;158
170;159
170;170
170;173
170;177
170;181
170;186
170;188
170;194
170;196
170;197
170;201
170;204
170;205
170;206
170;207
170;209
170;210
170;211
170;212
170;213
170;214
170;215
170;217
170;218
170;219
170;220
170;221
170;222
170;223
170;224
170;225
170;226
170;227
170;228
170;229
170;230
170;231
170;232
170;233
170;234
170;235
170;236
170;237
170;238
170;252
170;253
170;254
170;256
170;257
170;259
170;260
170;261
170;262
170;263
170;264
170;267
170;268
170;270
170;272
170;277
170;279
170;280
170;281
170;290
170;301
170;302
170;304
170;306
170;307
170;308
170;311
170;315
170;317
170;318
171;15
171;19
171;22
171;33
171;39
171;40
171;58
171;73
171;77
171;85
171;99
171;105
171;111
171;120
171;147
171;148
171;152
171;156
171;158
171;196
171;204
171;205
171;206
171;211
171;212
171;215
171;216
171;221
171;222
171;223
171;224
171;225
171;229
171;233
171;235
171;253
171;256
171;262
171;264
171;279
171;281
171;315
172;6
172;15
172;35
172;43
172;45
172;57
172;58
172;62
172;68
172;73
172;79
172;85
172;99
172;120
172;126
172;131
172;133
172;147
172;148
172;151
172;158
172;201
172;204
172;205
172;206
172;208
172;210
172;213
172;214
172;215
172;216
172;219
172;222
172;223
172;226
172;227
172;228
172;229
172;230
172;232
172;233
172;234
172;235
172;237
172;238
172;245
172;252
172;253
172;259
172;272
172;277
172;279
172;283
172;316
172;317
173;15
173;43
173;45
173;62
173;68
173;73
173;99
173;120
173;126
173;147
173;148
173;205
173;206
173;210
173;213
173;216
173;218
173;220
173;227
173;229
173;232
173;235
173;238
173;245
173;253
174;6
174;15
174;22
174;35
174;37
174;39
174;43
174;45
174;57
174;58
174;62
174;68
174;72
174;73
174;74
174;77
174;79
174;85
174;99
174;120
174;126
174;147
174;148
174;151
174;156
174;158
174;160
174;197
174;204
174;205
174;206
174;208
174;210
174;213
174;214
174;215
174;216
174;218
174;219
174;222
174;223
174;227
174;229
174;230
174;232
174;233
174;234
174;235
174;236
174;237
174;238
174;252
174;253
174;256
174;277
174;279
174;283
174;293
174;301
174;312
174;316
175;3
175;6
175;12
175;13
175;15
175;16
175;22
175;26
175;33
175;37
175;38
175;39
175;42
175;43
175;44
175;45
175;50
175;52
175;53
175;57
175;58
175;66
175;67
175;68
175;72
175;73
175;74
175;76
175;77
175;79
175;82
175;85
175;86
175;87
175;90
175;91
175;94
175;98
175;99
175;101
175;102
175;104
175;105
175;106
175;108
175;111
175;112
175;114
175;118
175;119
175;120
175;125
175;126
175;128
175;138
175;142
175;147
175;148
175;149
175;151
175;152
175;156
175;158
175;160
175;162
175;163
175;166
175;170
175;177
175;181
175;185
175;186
175;187
175;196
175;197
175;200
175;201
175;202
175;203
175;204
175;205
175;206
175;207
175;208
175;209
175;210
175;211
175;212
175;213
175;214
175;215
175;216
175;217
175;218
175;219
175;220
175;222
175;223
175;224
175;225
175;227
175;228
175;229
175;230
175;231
175;232
175;233
175;234
175;235
175;236
175;237
175;238
175;240
175;242
175;243
175;245
175;252
175;253
175;254
175;255
175;256
175;257
175;260
175;262
175;264
175;268
175;272
175;276
175;277
175;280
175;281
175;283
175;290
175;291
175;293
175;299
175;301
175;302
175;304
175;305
175;306
175;307
175;308
175;316
175;317
176;3
176;13
176;15
176;19
176;22
176;28
176;33
176;39
176;42
176;43
176;45
176;50
176;52
176;53
176;56
176;58
176;62
176;65
176;72
176;73
176;74
176;77
176;79
176;82
176;85
176;87
176;90
176;91
176;94
176;98
176;99
176;100
176;101
176;108
176;111
176;118
176;119
176;120
176;126
176;128
176;138
176;140
176;146
176;147
176;148
176;149
176;151
176;152
176;156
176;158
176;177
176;181
176;186
176;188
176;194
176;196
176;201
176;202
176;203
176;204
176;205
176;206
176;207
176;208
176;210
176;211
176;212
176;213
176;214
176;215
176;216
176;217
176;218
176;219
176;220
176;221
176;223
176;224
176;225
176;226
176;227
176;228
176;229
176;230
176;231
176;232
176;233
176;234
176;237
176;238
176;240
176;242
176;252
176;253
176;254
176;256
176;257
176;259
176;260
176;262
176;263
176;264
176;267
176;268
176;272
176;276
176;277
176;279
176;280
176;281
176;293
176;302
176;304
176;306
176;307
176;308
176;315
176;317
177;3
177;6
177;12
177;15
177;16
177;22
177;26
177;28
177;33
177;35
177;37
177;38
177;39
177;41
177;42
177;43
177;44
177;45
177;52
177;53
177;56
177;57
177;58
177;62
177;64
177;66
177;67
177;68
177;72
177;73
177;74
177;76
177;77
177;79
177;82
177;85
177;87
177;90
177;91
177;94
177;98
177;99
177;101
177;102
177;104
177;105
177;106
177;108
177;111
177;118
177;119
177;120
177;125
177;126
177;128
177;141
177;148
177;151
177;152
177;155
177;156
177;158
177;159
177;160
177;162
177;163
177;166
177;168
177;170
177;177
177;181
177;185
177;186
177;188
177;194
177;196
177;197
177;200
177;201
177;202
177;203
177;204
177;205
177;206
177;207
177;208
177;209
177;210
177;212
177;213
177;214
177;215
177;216
177;218
177;219
177;220
177;221
177;222
177;224
177;225
177;226
177;227
177;228
177;229
177;230
177;232
177;233
177;234
177;235
177;236
177;237
177;238
177;240
177;241
177;242
177;245
177;252
177;253
177;255
177;256
177;257
177;260
177;262
177;264
177;268
177;276
177;277
177;279
177;281
177;283
177;290
177;291
177;293
177;299
177;301
177;302
177;305
177;306
177;312
177;316
178;3
178;6
178;11
178;12
178;15
178;16
178;21
178;22
178;24
178;27
178;32
178;33
178;38
178;39
178;43
178;44
178;45
178;52
178;53
178;58
178;62
178;64
178;65
178;66
178;68
178;72
178;73
178;76
178;77
178;78
178;82
178;85
178;86
178;87
178;90
178;94
178;99
178;100
178;101
178;105
178;108
178;111
178;114
178;118
178;120
178;126
178;138
178;145
178;147
178;148
178;151
178;156
178;158
178;159
178;162
178;166
178;177
178;181
178;182
178;187
178;188
178;194
178;196
178;197
178;200
178;201
178;203
178;204
178;205
178;206
178;207
178;208
178;210
178;211
178;212
178;213
178;214
178;215
178;216
178;217
178;218
178;219
178;220
178;221
178;222
178;223
178;225
178;227
178;228
178;229
178;230
178;231
178;232
178;233
178;234
178;237
178;238
178;240
178;242
178;243
178;245
178;249
178;252
178;253
178;254
178;255
178;256
178;257
178;259
178;262
178;263
178;264
178;267
178;268
178;271
178;272
178;277
178;279
178;280
178;281
178;282
178;293
178;301
178;302
178;304
178;306
178;307
178;308
178;311
178;315
178;316
178;317
179;6
179;12
179;15
179;16
179;19
179;22
179;26
179;28
179;35
179;36
179;37
179;38
179;39
179;42
179;43
179;44
179;45
179;50
179;52
179;53
179;56
179;57
179;58
179;62
179;66
179;67
179;68
179;69
179;72
179;73
179;74
179;77
179;79
179;85
179;87
179;90
179;91
179;94
179;98
179;99
179;102
179;104
179;106
179;108
179;111
179;114
179;117
179;118
179;119
179;120
179;122
179;125
179;126
179;128
179;133
179;135
179;147
179;148
179;149
179;150
179;151
179;155
179;158
179;160
179;165
179;172
179;174
179;176
179;177
179;182
179;185
179;186
179;188
179;194
179;196
179;201
179;202
179;203
179;204
179;205
179;206
179;207
179;208
179;210
179;213
179;214
179;215
179;216
179;218
179;219
179;220
179;221
179;222
179;223
179;224
179;227
179;228
179;229
179;230
179;231
179;232
179;233
179;234
179;235
179;236
179;237
179;238
179;240
179;241
179;242
179;245
179;249
179;252
179;253
179;255
179;256
179;257
179;260
179;264
179;272
179;276
179;277
179;279
179;283
179;290
179;293
179;294
179;297
179;299
179;301
179;302
179;305
179;306
179;316
179;317
180;15
180;45
180;50
180;62
180;73
180;85
180;99
180;148
180;202
180;205
180;206
180;213
180;215
180;216
180;218
180;222
180;223
180;232
180;245
180;253
181;3
181;6
181;12
181;13
181;15
181;16
181;18
181;19
181;22
181;24
181;26
181;28
181;33
181;34
181;37
181;38
181;39
181;41
181;42
181;43
181;44
181;45
181;52
181;53
181;56
181;57
181;58
181;62
181;65
181;66
181;67
181;68
181;72
181;73
181;74
181;77
181;82
181;84
181;85
181;87
181;90
181;91
181;94
181;98
181;99
181;100
181;101
181;102
181;104
181;105
181;106
181;108
181;111
181;112
181;114
181;116
181;118
181;119
181;120
181;125
181;126
181;128
181;138
181;141
181;142
181;146
181;147
181;148
181;149
181;151
181;152
181;155
181;156
181;158
181;159
181;160
181;166
181;170
181;177
181;181
181;185
181;186
181;187
181;188
181;190
181;193
181;194
181;195
181;196
181;197
181;200
181;201
181;202
181;204
181;205
181;206
181;207
181;208
181;209
181;210
181;211
181;212
181;213
181;214
181;215
181;216
181;218
181;219
181;220
181;221
181;222
181;223
181;224
181;225
181;226
181;228
181;229
181;230
181;231
181;232
181;233
181;234
181;235
181;236
181;237
181;238
181;239
181;240
181;243
181;245
181;249
181;250
181;252
181;253
181;254
181;255
181;256
181;257
181;259
181;260
181;262
181;263
181;264
181;267
181;268
181;272
181;276
181;277
181;280
181;281
181;282
181;283
181;290
181;291
181;293
181;296
181;299
181;301
181;302
181;304
181;305
181;306
181;307
181;308
181;311
181;312
181;316
181;317
182;6
182;12
182;15
182;22
182;37
182;39
182;45
182;50
182;53
182;57
182;58
182;66
182;67
182;68
182;72
182;73
182;74
182;77
182;79
182;85
182;86
182;91
182;98
182;99
182;101
182;102
182;104
182;106
182;108
182;111
182;120
182;147
182;148
182;151
182;158
182;160
182;177
182;185
182;197
182;202
182;205
182;206
182;207
182;208
182;210
182;213
182;214
182;215
182;216
182;218
182;219
182;220
182;222
182;223
182;224
182;229
182;230
182;232
182;233
182;234
182;236
182;237
182;238
182;239
182;242
182;245
182;252
182;253
182;255
182;256
182;259
182;277
182;279
182;283
182;291
183;3
183;4
183;6
183;13
183;15
183;16
183;19
183;20
183;22
183;27
183;32
183;33
183;37
183;38
183;39
183;43
183;44
183;45
183;52
183;53
183;57
183;58
183;62
183;66
183;68
183;72
183;73
183;74
183;77
183;82
183;84
183;85
183;90
183;94
183;98
183;99
183;100
183;101
183;105
183;108
183;111
183;112
183;118
183;119
183;120
183;122
183;125
183;126
183;138
183;141
183;147
183;148
183;149
183;151
183;152
183;155
183;156
183;158
183;165
183;170
183;177
183;181
183;186
183;187
183;188
183;193
183;194
183;196
183;197
183;200
183;201
183;202
183;203
183;204
183;205
183;206
183;207
183;208
183;209
183;210
183;211
183;212
183;213
183;214
183;215
183;216
183;217
183;218
183;219
183;220
183;221
183;222
183;223
183;224
183;225
183;226
183;227
183;228
183;230
183;231
183;232
183;233
183;234
183;235
183;236
183;237
183;238
183;240
183;242
183;245
183;250
183;252
183;253
183;254
183;256
183;257
183;259
183;260
183;262
183;263
183;264
183;267
183;268
183;272
183;276
183;279
183;280
183;281
183;290
183;291
183;293
183;296
183;299
183;301
183;302
183;304
183;305
183;306
183;307
183;308
183;311
183;312
183;314
183;316
183;317
184;6
184;15
184;18
184;22
184;37
184;38
184;39
184;43
184;45
184;52
184;53
184;57
184;58
184;62
184;66
184;68
184;72
184;73
184;74
184;77
184;79
184;85
184;90
184;91
184;98
184;99
184;102
184;108
184;120
184;125
184;126
184;147
184;148
184;149
184;151
184;158
184;165
184;177
184;185
184;188
184;201
184;202
184;204
184;205
184;206
184;207
184;208
184;209
184;210
184;213
184;214
184;215
184;216
184;218
184;219
184;220
184;221
184;222
184;223
184;224
184;226
184;227
184;228
184;229
184;231
184;232
184;233
184;234
184;235
184;236
184;237
184;238
184;240
184;242
184;245
184;252
184;253
184;256
184;259
184;277
184;279
184;283
184;290
184;293
184;299
184;301
184;302
184;316
185;6
185;12
185;15
185;22
185;26
185;37
185;39
185;43
185;45
185;52
185;53
185;57
185;58
185;62
185;66
185;68
185;72
185;73
185;74
185;77
185;85
185;90
185;99
185;102
185;120
185;125
185;147
185;148
185;151
185;158
185;160
185;165
185;177
185;197
185;201
185;204
185;205
185;206
185;207
185;208
185;210
185;213
185;214
185;215
185;216
185;218
185;219
185;220
185;222
185;224
185;227
185;228
185;229
185;230
185;232
185;233
185;234
185;236
185;237
185;238
185;240
185;252
185;253
185;257
185;259
185;277
185;283
185;290
185;293
185;302
186;6
186;15
186;16
186;22
186;28
186;35
186;37
186;38
186;39
186;43
186;44
186;45
186;50
186;57
186;58
186;66
186;67
186;68
186;73
186;74
186;77
186;79
186;85
186;90
186;91
186;94
186;99
186;102
186;104
186;106
186;108
186;120
186;125
186;126
186;147
186;148
186;151
186;158
186;159
186;160
186;177
186;185
186;188
186;197
186;201
186;202
186;203
186;204
186;205
186;206
186;207
186;208
186;210
186;213
186;214
186;215
186;216
186;218
186;219
186;220
186;221
186;222
186;223
186;226
186;228
186;229
186;230
186;231
186;233
186;234
186;235
186;236
186;237
186;238
186;239
186;240
186;242
186;245
186;252
186;253
186;256
186;257
186;260
186;276
186;277
186;279
186;283
186;291
186;293
186;299
186;302
186;305
186;316
187;6
187;11
187;12
187;13
187;15
187;16
187;19
187;22
187;24
187;27
187;28
187;31
187;32
187;33
187;38
187;39
187;43
187;45
187;52
187;53
187;58
187;62
187;64
187;65
187;66
187;67
187;68
187;73
187;77
187;81
187;82
187;84
187;85
187;87
187;90
187;94
187;98
187;99
187;101
187;105
187;106
187;108
187;111
187;112
187;118
187;119
187;120
187;125
187;126
187;128
187;131
187;138
187;141
187;142
187;145
187;147
187;148
187;149
187;151
187;156
187;158
187;162
187;165
187;168
187;170
187;181
187;186
187;188
187;190
187;193
187;194
187;196
187;197
187;200
187;201
187;203
187;204
187;205
187;206
187;207
187;208
187;209
187;210
187;211
187;212
187;213
187;214
187;215
187;216
187;218
187;219
187;220
187;221
187;222
187;223
187;224
187;225
187;226
187;227
187;228
187;229
187;230
187;231
187;232
187;234
187;235
187;236
187;237
187;238
187;240
187;242
187;243
187;250
187;252
187;253
187;255
187;256
187;257
187;259
187;260
187;262
187;263
187;264
187;267
187;268
187;277
187;279
187;280
187;281
187;282
187;290
187;293
187;296
187;299
187;302
187;304
187;306
187;308
187;311
187;312
187;317
188;15
188;39
188;62
188;73
188;99
188;126
188;147
188;201
188;205
188;206
188;213
188;214
188;216
188;218
188;222
188;223
188;230
188;232
188;235
188;237
188;245
188;252
188;253
189;6
189;12
189;15
189;16
189;22
189;26
189;37
189;39
189;43
189;44
189;45
189;52
189;53
189;57
189;58
189;62
189;66
189;68
189;72
189;73
189;74
189;77
189;79
189;85
189;90
189;91
189;98
189;99
189;102
189;105
189;106
189;108
189;111
189;118
189;120
189;126
189;128
189;147
189;148
189;149
189;151
189;152
189;155
189;158
189;160
189;170
189;177
189;185
189;186
189;188
189;201
189;202
189;203
189;204
189;205
189;206
189;207
189;208
189;210
189;211
189;213
189;214
189;215
189;216
189;218
189;219
189;220
189;221
189;222
189;223
189;224
189;225
189;227
189;228
189;229
189;230
189;232
189;233
189;234
189;236
189;237
189;238
189;240
189;245
189;252
189;253
189;255
189;256
189;257
189;260
189;264
189;268
189;276
189;277
189;279
189;281
189;283
189;290
189;299
189;302
189;305
189;306
190;6
190;15
190;39
190;43
190;45
190;53
190;58
190;62
190;68
190;73
190;85
190;94
190;99
190;111
190;120
190;125
190;147
190;148
190;151
190;158
190;168
190;188
190;197
190;201
190;204
190;205
190;206
190;207
190;208
190;210
190;211
190;212
190;213
190;214
190;215
190;216
190;220
190;223
190;229
190;230
190;232
190;234
190;235
190;237
190;238
190;252
190;253
190;256
190;277
190;283
190;301
190;312
190;315
190;316
191;6
191;15
191;37
191;43
191;45
191;57
191;68
191;72
191;73
191;77
191;79
191;85
191;94
191;98
191;99
191;102
191;108
191;120
191;125
191;126
191;147
191;148
191;151
191;158
191;201
191;204
191;205
191;206
191;208
191;210
191;213
191;214
191;215
191;216
191;218
191;219
191;222
191;223
191;226
191;228
191;230
191;232
191;233
191;234
191;235
191;236
191;238
191;245
191;252
191;253
191;259
191;277
191;279
191;283
191;316
192;6
192;15
192;22
192;35
192;37
192;39
192;43
192;45
192;57
192;58
192;62
192;68
192;73
192;77
192;85
192;90
192;99
192;120
192;125
192;126
192;133
192;147
192;148
192;151
192;158
192;168
192;204
192;205
192;206
192;208
192;210
192;213
192;214
192;215
192;216
192;218
192;219
192;220
192;222
192;223
192;226
192;227
192;228
192;229
192;230
192;232
192;233
192;234
192;235
192;236
192;237
192;246
192;252
192;253
192;268
192;277
192;293
192;316
193;3
193;35
193;163
193;201
194;6
194;18
194;35
194;62
194;66
194;85
194;90
194;94
194;119
194;122
194;147
194;148
194;149
194;162
194;179
194;197
194;201
194;206
194;219
194;229
194;232
194;235
194;256
194;293
195;53
195;62
195;82
195;148
195;156
195;162
195;173
195;190
195;260
195;292
195;302
196;27
196;35
196;62
196;68
196;79
196;86
196;87
196;108
196;197
196;215
196;216
196;223
196;228
196;230
196;235
196;279
196;283
196;293
197;6
197;11
197;13
197;27
197;32
197;35
197;39
197;62
197;65
197;66
197;68
197;78
197;79
197;81
197;82
197;87
197;88
197;90
197;91
197;99
197;106
197;108
197;111
197;119
197;122
197;127
197;141
197;142
197;148
197;149
197;152
197;156
197;160
197;162
197;163
197;165
197;190
197;197
197;200
197;201
197;205
197;206
197;212
197;213
197;214
197;215
197;216
197;223
197;224
197;227
197;230
197;232
197;233
197;240
197;246
197;252
197;255
197;256
197;257
197;267
197;268
197;279
197;281
197;283
197;292
198;75
199;45
199;62
199;201
200;45
200;62
200;238
201;150
202;215
203;140
203;203
203;283
204;6
204;15
204;35
204;62
204;68
204;82
204;85
204;99
204;201
204;203
204;213
204;214
204;215
204;218
204;229
204;233
204;257
204;281
204;302
204;304
205;40
205;62
205;73
205;201
205;215
205;218
205;222
205;223
205;226
205;234
205;235
205;279
206;3
206;23
206;31
206;35
206;41
206;44
206;53
206;62
206;82
206;85
206;86
206;87
206;90
206;94
206;122
206;142
206;147
206;156
206;163
206;190
206;197
206;201
206;206
206;211
206;212
206;214
206;215
206;216
206;220
206;221
206;222
206;223
206;224
206;230
206;233
206;235
206;240
206;241
206;264
206;268
206;272
206;276
206;281
206;317
207;6
207;15
207;18
207;27
207;35
207;40
207;43
207;53
207;62
207;66
207;81
207;82
207;94
207;99
207;111
207;120
207;122
207;137
207;148
207;153
207;156
207;162
207;163
207;168
207;179
207;190
207;201
207;203
207;205
207;207
207;215
207;224
207;227
207;243
207;252
207;260
207;262
207;264
207;268
207;274
207;277
207;278
207;279
207;281
207;302
207;304
207;308
207;315
208;15
208;16
208;45
208;62
208;94
208;99
208;126
208;148
208;158
208;165
208;205
208;213
208;215
208;216
208;218
208;222
208;229
208;230
208;234
208;235
208;237
208;245
208;277
208;283
208;305
208;312
208;315
209;215
210;15
210;21
210;38
210;45
210;78
210;85
210;94
210;100
210;111
210;186
210;203
210;215
210;224
210;254
210;257
210;271
210;279
210;304
210;315
211;141
212;62
212;78
212;120
212;163
212;201
212;210
212;215
212;216
212;222
212;225
212;229
212;230
212;235
212;256
212;257
212;281
212;283
212;293
212;315
213;62
213;149
213;156
213;173
213;201
213;222
213;250
214;6
214;15
214;21
214;23
214;35
214;53
214;58
214;62
214;68
214;73
214;77
214;79
214;82
214;85
214;99
214;106
214;111
214;119
214;126
214;133
214;142
214;148
214;160
214;162
214;165
214;168
214;181
214;189
214;201
214;203
214;212
214;213
214;215
214;216
214;221
214;222
214;227
214;233
214;235
214;238
214;239
214;253
214;257
214;259
214;271
214;277
214;279
214;283
214;312
214;315
214;317
215;62
215;137
216;56
216;179
216;215
217;6
217;15
217;16
217;18
217;23
217;34
217;35
217;39
217;40
217;43
217;45
217;62
217;65
217;68
217;77
217;79
217;84
217;85
217;90
217;91
217;99
217;100
217;111
217;115
217;119
217;120
217;126
217;127
217;148
217;158
217;159
217;160
217;161
217;162
217;164
217;165
217;173
217;190
217;203
217;208
217;211
217;213
217;214
217;215
217;216
217;217
217;224
217;230
217;233
217;237
217;239
217;240
217;245
217;252
217;257
217;259
217;262
217;268
217;277
217;281
217;282
217;283
217;292
217;293
217;304
217;305
217;308
217;312
217;315
218;40
218;201
219;153
219;215
220;35
220;82
220;147
220;156
220;197
220;201
220;221
220;256
221;2
221;3
221;6
221;15
221;23
221;35
221;43
221;45
221;54
221;62
221;66
221;68
221;72
221;73
221;79
221;85
221;94
221;99
221;119
221;126
221;135
221;148
221;153
221;158
221;160
221;162
221;173
221;189
221;190
221;201
221;205
221;206
221;208
221;213
221;215
221;216
221;218
221;219
221;223
221;230
221;235
221;237
221;238
221;239
221;268
221;271
221;279
221;283
221;292
221;297
221;315
222;51
222;109
222;188
222;257
223;15
223;21
223;35
223;43
223;56
223;58
223;62
223;72
223;73
223;77
223;85
223;87
223;91
223;99
223;108
223;111
223;118
223;119
223;120
223;140
223;148
223;149
223;156
223;158
223;188
223;197
223;200
223;201
223;203
223;205
223;206
223;208
223;215
223;216
223;218
223;220
223;222
223;223
223;228
223;229
223;230
223;233
223;235
223;237
223;242
223;245
223;253
223;257
223;262
223;264
223;277
223;281
223;283
223;292
223;293
223;315
224;28
224;62
224;85
224;91
224;94
224;99
224;148
224;203
224;215
224;216
224;293
225;3
225;6
225;8
225;11
225;15
225;31
225;35
225;39
225;41
225;51
225;53
225;62
225;65
225;68
225;78
225;79
225;82
225;85
225;87
225;90
225;91
225;99
225;106
225;108
225;119
225;120
225;133
225;142
225;147
225;148
225;149
225;153
225;155
225;156
225;162
225;163
225;188
225;190
225;196
225;197
225;200
225;201
225;203
225;211
225;212
225;213
225;214
225;215
225;216
225;219
225;220
225;221
225;223
225;230
225;232
225;233
225;235
225;237
225;239
225;240
225;242
225;243
225;252
225;256
225;257
225;264
225;276
225;277
225;280
225;282
225;283
225;292
225;293
225;299
225;301
225;307
225;308
225;311
225;315
226;91
226;201
226;271
227;3
227;5
227;6
227;15
227;18
227;23
227;35
227;39
227;53
227;62
227;78
227;79
227;82
227;85
227;87
227;90
227;91
227;94
227;99
227;119
227;122
227;142
227;149
227;153
227;156
227;162
227;163
227;187
227;189
227;190
227;201
227;206
227;215
227;227
227;239
227;240
227;255
227;257
227;263
227;268
227;272
227;279
227;281
227;292
227;305
227;317
228;35
228;88
229;89
229;132
229;244
230;4
230;75
230;132
230;162
230;289
231;287
232;35
232;215
232;235
233;35
233;82
233;84
233;200
233;201
234;15
234;35
234;40
234;53
234;85
234;94
234;108
234;119
234;126
234;148
234;201
234;205
234;215
234;218
234;220
234;222
234;229
234;238
234;242
234;245
234;254
234;279
234;302
234;304
234;308
235;215
235;225
236;124
237;215
237;229
238;35
239;87
239;203
240;21
240;23
240;215
240;229
241;3
241;35
241;62
241;87
241;223
241;235
241;241
241;279
242;15
242;16
242;18
242;19
242;24
242;27
242;28
242;35
242;39
242;45
242;53
242;56
242;58
242;68
242;73
242;79
242;82
242;85
242;89
242;90
242;99
242;100
242;101
242;105
242;106
242;111
242;118
242;119
242;120
242;127
242;128
242;145
242;147
242;148
242;156
242;173
242;179
242;181
242;196
242;197
242;200
242;205
242;206
242;209
242;210
242;211
242;213
242;214
242;215
242;216
242;219
242;220
242;221
242;223
242;224
242;225
242;226
242;229
242;230
242;231
242;232
242;233
242;235
242;237
242;240
242;252
242;253
242;257
242;262
242;264
242;268
242;279
242;293
242;296
242;304
242;306
242;307
242;308
242;315
242;317
243;3
243;15
243;16
243;18
243;22
243;23
243;24
243;31
243;35
243;39
243;45
243;52
243;56
243;58
243;61
243;62
243;66
243;68
243;82
243;84
243;85
243;87
243;88
243;89
243;90
243;91
243;94
243;96
243;99
243;100
243;106
243;111
243;114
243;115
243;117
243;118
243;120
243;126
243;127
243;131
243;142
243;144
243;145
243;146
243;148
243;156
243;163
243;165
243;167
243;173
243;179
243;181
243;188
243;194
243;196
243;200
243;201
243;205
243;210
243;211
243;212
243;213
243;214
243;215
243;216
243;218
243;219
243;220
243;221
243;222
243;223
243;224
243;226
243;227
243;229
243;230
243;232
243;233
243;235
243;236
243;237
243;243
243;252
243;253
243;254
243;256
243;257
243;262
243;264
243;268
243;271
243;272
243;277
243;279
243;281
243;292
243;293
243;302
243;304
243;306
243;307
243;308
243;311
243;312
243;315
243;317
244;15
244;24
244;35
244;45
244;52
244;61
244;89
244;91
244;99
244;100
244;106
244;111
244;115
244;119
244;127
244;148
244;181
244;200
244;205
244;210
244;211
244;213
244;214
244;215
244;216
244;220
244;221
244;222
244;225
244;227
244;229
244;230
244;232
244;233
244;237
244;254
244;257
244;272
244;292
244;293
244;296
244;302
244;306
244;307
244;308
245;62
245;68
245;72
245;126
245;208
245;229
245;252
245;274
245;283
246;73
246;215
246;229
247;15
247;23
247;24
247;35
247;58
247;68
247;73
247;82
247;85
247;100
247;101
247;106
247;111
247;141
247;144
247;147
247;148
247;156
247;163
247;181
247;188
247;196
247;197
247;200
247;203
247;205
247;211
247;212
247;214
247;215
247;216
247;218
247;221
247;222
247;224
247;227
247;229
247;230
247;235
247;257
247;281
247;293
247;302
247;304
247;311
248;22
248;75
248;121
248;192
248;244
248;285
249;87
249;188
249;215
250;15
250;16
250;21
250;23
250;35
250;40
250;43
250;56
250;68
250;77
250;79
250;85
250;99
250;106
250;111
250;119
250;120
250;126
250;148
250;208
250;210
250;215
250;216
250;223
250;227
250;229
250;234
250;235
250;236
250;238
250;239
250;253
250;259
250;292
250;293
250;314
250;315
251;75
251;244
252;38
252;62
252;85
252;115
252;122
252;126
252;148
252;165
252;315
253;3
253;6
253;15
253;16
253;21
253;23
253;35
253;39
253;40
253;45
253;53
253;56
253;57
253;58
253;62
253;66
253;68
253;73
253;74
253;82
253;85
253;87
253;99
253;106
253;111
253;119
253;120
253;127
253;133
253;140
253;142
253;146
253;148
253;152
253;156
253;158
253;162
253;165
253;170
253;173
253;177
253;179
253;186
253;187
253;188
253;196
253;203
253;205
253;206
253;210
253;211
253;215
253;216
253;217
253;218
253;220
253;221
253;222
253;223
253;227
253;228
253;229
253;230
253;233
253;235
253;237
253;238
253;239
253;257
253;259
253;260
253;262
253;264
253;267
253;268
253;274
253;279
253;281
253;293
253;312
253;314
253;318
254;15
254;35
254;40
254;44
254;62
254;68
254;73
254;79
254;85
254;87
254;90
254;111
254;118
254;142
254;147
254;149
254;156
254;189
254;197
254;201
254;203
254;212
254;214
254;215
254;218
254;221
254;222
254;231
254;239
254;240
254;242
254;256
254;257
254;264
254;272
254;276
254;292
254;302
254;311
